{"mean_p_home": 0.43687402832867633, "std_p_home": 0.18314676198660368, "mean_p_over25": 0.5253380306880989, "std_p_over25": 0.09904813118611122}